id,name,model_id:id,group_id:id,perm_read,perm_write,perm_create,perm_unlink
access_hospital_patient,access.hospital.patient,model_hospital_patient,base.group_user,1,1,1,1
access_hospital_doctor,access.hospital.doctor,model_hospital_doctor,base.group_user,1,1,1,1
access_hospital_appointment,access.hospital.appointment,model_hospital_appointment,base.group_user,1,1,1,1
access_create_appointment_wizard,access.create.appointment.wizard,model_create_appointment_wizard,base.group_user,1,1,1,1
access_search_appointment_wizard,access.search.appointment.wizard,model_search_appointment_wizard,base.group_user,1,1,1,1
access_appointment_prescription_lines,access.appointment.prescription.lines,model_appointment_prescription_lines,base.group_user,1,1,1,1